PARK,SIZE,BOROUGH,TOTAL
PELHAM BAY PARK,2771.75,BRONX        ,28
VAN CORTLANDT PARK,1146.43,BRONX        ,55
ROCKAWAY BEACH AND BOARDWALK,1072.56,QUEENS       ,80
FRESHKILLS PARK,913.32,STATEN ISLAND,1
FLUSHING MEADOWS CORONA PARK,897.69,QUEENS       ,287
LATOURETTE PARK & GOLF COURSE,843.97,STATEN ISLAND,1
MARINE PARK,798,BROOKLYN     ,21
BELT PARKWAY/SHORE PARKWAY,760.43,BROOKLYN/QUEENS,8
BRONX PARK,718.37,BRONX        ,73
FRANKLIN D. ROOSEVELT BOARDWALK AND BEACH,644.35,STATEN ISLAND,6
ALLEY POND PARK,635.51,QUEENS       ,23
PROSPECT PARK,526.25,BROOKLYN     ,163
FOREST PARK,506.86,QUEENS       ,37
GRAND CENTRAL PARKWAY,460.16,QUEENS       ,0
FERRY POINT PARK,413.8,BRONX        ,8
CONEY ISLAND BEACH & BOARDWALK,399.2,BROOKLYN     ,198
CUNNINGHAM PARK,358,QUEENS       ,21
RICHMOND PARKWAY,350.98,STATEN ISLAND,0
CROSS ISLAND PARKWAY,326.9,QUEENS       ,0
GREAT KILLS PARK,315.09,STATEN ISLAND,1
WOLFE'S POND PARK,302.69,STATEN ISLAND,0
CONFERENCE HOUSE PARK,286.38,STATEN ISLAND,0
RANDALL'S ISLAND PARK,256.11,MANHATTAN    ,217
ROCKAWAY COMMUNITY PARK,255.4,QUEENS       ,1
KISSENA PARK,237.15,QUEENS       ,26
RIVERSIDE PARK,235.77,MANHATTAN    ,178
HUTCHINSON RIVER PARKWAY,229.14,BRONX        ,0
BLUE HERON PARK,217.45,STATEN ISLAND,0
DYKER BEACH PARK,216.66,BROOKLYN     ,12
WILLOWBROOK PARK,214.95,STATEN ISLAND,0
STATEN ISLAND INDUSTRIAL PARK,210.93,STATEN ISLAND,0
SILVER LAKE PARK,205.98,STATEN ISLAND,2
BRONX RIVER PARKWAY,205.65,BRONX        ,10
SOUNDVIEW PARK,205.31,BRONX        ,29
BELT PARKWAY,202.65,QUEENS       ,0
WILLOWBROOK PARKWAY,198.48,STATEN ISLAND,0
INWOOD HILL PARK,196.4,MANHATTAN    ,21
CLOVE LAKES PARK,193.42,STATEN ISLAND,11
FORT WASHINGTON PARK,184.14,MANHATTAN    ,10
IDLEWILD PARK,180.85,QUEENS       ,1
WARDS ISLAND PARK,176.58,MANHATTAN    ,3
SOUTH SHORE COUNTRY CLUB,173.99,STATEN ISLAND,0
SAW MILL CREEK MARSH,171.78,STATEN ISLAND,0
BLOOD ROOT VALLEY,161.24,STATEN ISLAND,0
JAMAICA BAY PARK,149.54,QUEENS       ,0
KISSENA CORRIDOR PARK,146.81,QUEENS       ,33
HIGHLAND PARK,146.34,BROOKLYN/QUEENS,50
ARDEN WOODS,145.86,STATEN ISLAND,0
RIVERDALE PARK,144.29,BRONX        ,0
OCEAN PARKWAY MALLS,140,BROOKLYN     ,2
BLOOMINGDALE PARK,138.1,STATEN ISLAND,1
OCEAN BREEZE PARK,136.57,STATEN ISLAND,1
CANARSIE PARK,132.2,BROOKLYN     ,11
HIGHBRIDGE PARK MANHATTAN SIDE,130.1,MANHATTAN    ,71
CROTONA PARK,127.5,BRONX        ,127
PAERDEGAT BASIN PARK,118.8,BROOKLYN     ,1
HOOK CREEK PARK,111.16,QUEENS       ,0
CRESCENT BEACH PARK,110.96,STATEN ISLAND,0
CLEARVIEW PARK GOLF COURSE,110.93,QUEENS       ,0
BAISLEY POND PARK,109.61,QUEENS       ,23
PELHAM PARKWAY,108.91,BRONX        ,3
PRALLS ISLAND,107.51,STATEN ISLAND,0
MARINERS MARSH PARK,107.2,STATEN ISLAND,0
DOUGLASTON PARK GOLF COURSE,104.6,QUEENS       ,0
LEMON CREEK PARK,104.55,STATEN ISLAND,0
SPRING CREEK PARK,99.57,BROOKLYN/QUEENS,1
HIGH ROCK PARK,94.1,STATEN ISLAND,0
LONG POND PARK,91.95,STATEN ISLAND,0
BROOKVILLE PARK,89.95,QUEENS       ,10
ISLE OF MEADOWS,87.52,STATEN ISLAND,0
CALVERT VAUX PARK,85.53,BROOKLYN     ,18
PUGSLEY CREEK PARK,83.62,BRONX        ,6
SNUG HARBOR CULTURAL CENTER,83.3,STATEN ISLAND,3
MOSHOLU PARKWAY,80.94,BRONX        ,11
MCGUIRE FIELDS,77.18,BROOKLYN     ,0
FRESH CREEK NATURE PRESERVE,77.04,BROOKLYN     ,0
JACKIE ROBINSON PARKWAY,72.75,BROOKLYN/QUEENS,1
FORT TRYON PARK,67.21,MANHATTAN    ,31
RIVERSIDE PARK SOUTH,66.69,MANHATTAN    ,5
EASTERN PARKWAY,65.7,BROOKLYN     ,1
FOUR SPARROW MARSH,64.67,BROOKLYN     ,0
FORT TOTTEN PARK,60.39,QUEENS       ,2
ASTORIA PARK,59.96,QUEENS       ,27
LAURELTON PARKWAY,59.61,QUEENS       ,0
RED HOOK RECREATION AREA,58.5,BROOKLYN     ,11
SHORE PARK AND PARKWAY,58,BROOKLYN     ,2
SPRING CREEK PARK ADDITION,57.92,BROOKLYN/QUEENS,0
JUNIPER VALLEY PARK,55.64,QUEENS       ,11
LITTLE BAY PARK,55.22,QUEENS       ,3
POWELL'S COVE PARK,55.02,QUEENS       ,0
HENRY HUDSON PARKWAY,54.1,BRONX        ,0
HARLEM RIVER PARK,53.97,MANHATTAN    ,14
DUBOS POINT WILDLIFE SANCTUARY,53.3,QUEENS       ,0
ROY WILKINS RECREATION CENTER,53.24,QUEENS       ,19
REED'S BASKET WILLOW SWAMP PARK,52.38,STATEN ISLAND,0
BROOKLYN BOTANIC GARDEN,47.57,BROOKLYN     ,3
MEREDITH WOODS,47.52,STATEN ISLAND,0
QUEENS FARM PARK,47.08,QUEENS       ,0
EAST RIVER PARK,45.88,MANHATTAN    ,42
CROCHERON PARK,45.79,QUEENS       ,7
MACOMBS DAM PARK,44.17,BRONX        ,61
MANHATTAN BEACH PARK,42.94,BROOKLYN     ,6
UDALL'S PARK PRESERVE,42.77,QUEENS       ,1
FAIRVIEW PARK,42.6,STATEN ISLAND,0
BAYSWATER PARK,40.07,QUEENS       ,5
DEERE PARK,39.78,STATEN ISLAND,0
PARADE GROUND,39.5,BROOKLYN     ,24
CLAREMONT PARK,38.54,BRONX        ,72
BROAD CHANNEL WETLANDS,37.95,QUEENS       ,0
CONEY ISLAND BOAT BASIN,36.81,BROOKLYN     ,1
BUNKER PONDS PARK,36.69,STATEN ISLAND,0
SETON FALLS PARK,35.77,BRONX        ,8
MCCARREN PARK,35.71,BROOKLYN     ,68
ST. MARY'S PARK BRONX,35.31,BRONX        ,65
SHOOTERS ISLAND,34.69,STATEN ISLAND,0
NORTH BROTHER ISLAND,30.4,BRONX        ,0
FORT GREENE PARK,30.17,BROOKLYN     ,37
BATTERY PARK CITY,29.99,MANHATTAN    ,1
MORNINGSIDE PARK,29.89,MANHATTAN    ,58
MACNEIL PARK,28.87,QUEENS       ,3
ALLEY ATHLETIC PLAYGROUND,27.53,QUEENS       ,0
VERNAM BARBADOES PENINSULA,27.48,QUEENS       ,0
COLLEGE POINT FIELDS,26.83,QUEENS       ,1
KAISER PARK,26.26,BROOKLYN     ,9
SUNSET PARK,24.5,BROOKLYN     ,67
OWL'S HEAD PARK,24.22,BROOKLYN     ,8
SPRINGFIELD PARK,23.54,QUEENS       ,5
RECREATIONAL AREA,23.09,MANHATTAN    ,0
KING FISHER PARK,23.01,STATEN ISLAND,0
SIEDENBURG PARK,22.88,STATEN ISLAND,0
ST. NICHOLAS PARK,22.74,MANHATTAN    ,64
SOUTH BROTHER ISLAND,22.16,BRONX        ,0
LOCUST POINT MARINA,22.07,BRONX        ,0
BATTERY PARK,21.88,MANHATTAN    ,21
BROOKLYN BRIDGE PARK,21.19,BROOKLYN     ,82
ASSER LEVY PARK,21.04,BROOKLYN     ,3
SEASIDE WILDLIFE NATURE PARK,20.91,STATEN ISLAND,1
WAVE HILL,20.87,BRONX        ,0
QUEENSBRIDGE PARK,20.34,QUEENS       ,4
MARCUS GARVEY PARK,20.17,MANHATTAN    ,67
ISHAM PARK,20.13,MANHATTAN    ,4
WILLIAMSBRIDGE OVAL,19.75,BRONX        ,56
BRANT POINT WILDLIFE SANCTUARY,19.56,QUEENS       ,0
BROAD CHANNEL AMERICAN PARK,18.77,QUEENS       ,0
THEODORE ROOSEVELT PARK,17.57,MANHATTAN    ,1
BENSONHURST PARK,17.5,BROOKLYN     ,11
LINCOLN TERRACE / ARTHUR S. SOMERS PARK,17.14,BROOKLYN     ,34
JOHN GOLDEN PARK,17,QUEENS       ,0
BAYVIEW TERRACE PARK,16.94,STATEN ISLAND,0
JONES WOODS PARK,16.93,STATEN ISLAND,0
FRANCIS LEWIS PARK,16.83,QUEENS       ,2
LEIF ERICSON PARK,16.8,BROOKLYN     ,10
EIBS POND PARK,16.51,STATEN ISLAND,0
RAILROAD PARK QUEENS,16.44,QUEENS       ,0
BREUKELEN BALLFIELDS,16.16,BROOKLYN     ,2
FRANZ SIGEL PARK,15.99,BRONX        ,29
THOMAS JEFFERSON PARK,15.52,MANHATTAN    ,29
ALICE AUSTEN PARK,15.52,STATEN ISLAND,0
MILL POND PARK,15.5,BRONX        ,2
SHERMAN CREEK,15.38,MANHATTAN    ,1
HARRIS PARK,15.32,BRONX        ,5
GOODHUE,15.06,STATEN ISLAND,0
MULLALY PARK,15.05,BRONX        ,48
TREMONT PARK,15,BRONX        ,9
CARL SCHURZ PARK,14.94,MANHATTAN    ,15
GRAND ARMY PLAZA BROOKLYN,14.26,BROOKLYN     ,5
VON BRIESEN PARK,13.94,STATEN ISLAND,1
MOTOR PARKWAY,13.89,QUEENS       ,0
UNNAMED PARK ON BEACH CHANNEL DRIVE & BEACH 116TH STREET TO BEACH 108TH STREET,13.83,QUEENS       ,0
BEACH 17 PLAYGROUND,13.75,QUEENS       ,3
TUDOR PARK,13.54,QUEENS       ,6
AQUEDUCT WALK,13.53,BRONX        ,23
FATHER MACRIS PARK,13.47,STATEN ISLAND,0
STARLIGHT PARK,12.93,BRONX        ,14
JACKIE ROBINSON PARK MANHATTAN,12.77,MANHATTAN    ,33
BROOKLYN MUSEUM,12.66,BROOKLYN     ,3
BEACH CHANNEL PARK,12.62,QUEENS       ,0
GREENBELT NATIVE PLANT CENTER,12.25,STATEN ISLAND,0
BOWNE PARK,11.79,QUEENS       ,7
SETON PARK,11.69,BRONX        ,2
RUFUS KING PARK,11.5,QUEENS       ,34
FRANK GOLDEN PARK,11.42,QUEENS       ,1
ST. JAMES PARK,11.39,BRONX        ,40
RICHMOND TERRACE WETLANDS,11.19,STATEN ISLAND,0
BARRETTO POINT PARK,11.16,BRONX        ,3
ST. ALBANS PARK,10.79,QUEENS       ,3
GEMINI FIELDS,10.76,QUEENS       ,0
GIVANS CREEK WOODS,10.74,BRONX        ,0
BETSY HEAD PARK,10.56,BROOKLYN     ,15
TOMPKINS SQUARE PARK,10.5,MANHATTAN    ,53
CPL. THOMPSON PARK,10.5,STATEN ISLAND,10
COMMODORE BARRY PARK,10.39,BROOKLYN     ,6
CADMAN PLAZA PARK,10.38,BROOKLYN     ,3
BROADWAY MALLS,10.24,MANHATTAN    ,2
STEEPLECHASE PARK,10.01,BROOKLYN     ,1
HUNTER'S POINT SOUTH PARK,10,QUEENS       ,2
UNNAMED PARK ON RICHMOND TERRACE,9.93,STATEN ISLAND,0
HYBRID OAK WOODS PARK,9.76,STATEN ISLAND,0
WASHINGTON SQUARE PARK,9.75,MANHATTAN    ,89
BRYANT PARK,9.6,MANHATTAN    ,95
ROCKAWAY FREEWAY,9.4,QUEENS       ,0
BICENTENNIAL VETERANS MEMORIAL PARK,9.4,BRONX        ,1
SUNSET COVE PARK,9.38,QUEENS       ,0
ST. JOHN'S RECREATION CENTER,9.34,BROOKLYN     ,31
LINDEN PARK,9.32,BROOKLYN     ,14
HAFFEN PARK,9.24,BRONX        ,6
ALLISON POND PARK,9.2,STATEN ISLAND,0
GRANITEVILLE SWAMP PARK,9.19,STATEN ISLAND,0
TOTTENVILLE SHORE PARK,9.18,STATEN ISLAND,0
CAPTAIN TILLY PARK,9.16,QUEENS       ,22
HARVEY PARK,9.15,QUEENS       ,0
MSGR. MCGOLRICK PARK,9.13,BROOKLYN     ,6
BUSHWICK INLET PARK,9.01,BROOKLYN     ,9
HENRY HUDSON PARK,8.97,BRONX        ,1
FRANK PRINCIPE PARK,8.9,QUEENS       ,0
CASTLE HILL PARK,8.83,BRONX        ,1
ROCHDALE PARK,8.83,QUEENS       ,4
ABE STARK SKATING RINK,8.81,BROOKLYN     ,2
CITY HALL PARK,8.8,MANHATTAN    ,6
EAST RIVER WATERFRONT ESPLANADE,8.76,MANHATTAN    ,3
CROTONA PARKWAY MALLS,8.75,BRONX        ,1
CONEY ISLAND CREEK PARK,8.66,BROOKLYN     ,0
MILL ROCK PARK,8.64,MANHATTAN    ,0
EAST RIVER ESPLANADE E 90TH ST TO E 125TH ST,8.6,MANHATTAN    ,3
JOHN J CARTY PARK,8.57,BROOKLYN     ,1
COFFEY PARK,8.27,BROOKLYN     ,5
BARRETT PARK,8.11,STATEN ISLAND,0
RAINEY PARK QUEENS,8.09,QUEENS       ,3
LAGUARDIA LANDING LIGHTS,8.03,QUEENS       ,1
CITY ISLAND WETLANDS,8.01,BRONX        ,1
SARA D. ROOSEVELT PARK,7.85,MANHATTAN    ,74
EWEN PARK,7.84,BRONX        ,7
HERBERT VON KING PARK,7.82,BROOKLYN     ,21
MOUNT PROSPECT PARK,7.79,BROOKLYN     ,4
RAINEY PARK BRONX,7.74,BRONX        ,20
DETECTIVE KEITH L WILLIAMS PARK,7.68,QUEENS       ,9
FLUSHING FIELDS,7.67,QUEENS       ,3
PALMER INLET,7.49,BRONX        ,0
MIDLAND FIELD,7.46,STATEN ISLAND,1
SCHMUL PARK,7.4,STATEN ISLAND,0
BRIDGE PARK BRONX,7.16,BRONX        ,0
BEACH 30TH STREET PLAYGROUND,7.12,QUEENS       ,0
BROWER PARK,7.05,BROOKLYN     ,18
JOYCE KILMER PARK,6.88,BRONX        ,39
MARIA HERNANDEZ PARK,6.87,BROOKLYN     ,45
THE HIGH LINE,6.73,MANHATTAN    ,4
FRIENDS FIELD,6.7,BROOKLYN     ,1
LINDOWER PARK,6.7,BROOKLYN     ,3
J. HOOD WRIGHT PARK,6.7,MANHATTAN    ,6
WNYC TRANSMITTER PARK,6.61,BROOKLYN     ,2
SPUYTEN DUYVIL SHOREFRONT PARK,6.6,BRONX        ,0
PARK AVENUE MALLS,6.59,MANHATTAN    ,0
WESTWOOD PARK,6.56,STATEN ISLAND,0
UNION SQUARE PARK,6.51,MANHATTAN    ,140
CONCRETE PLANT PARK,6.44,BRONX        ,9
COL. YOUNG PLAYGROUND,6.42,MANHATTAN    ,7
BRADYS POND PARK,6.4,STATEN ISLAND,0
COOPER PARK,6.4,BROOKLYN     ,4
GRAVESEND PARK,6.38,BROOKLYN     ,4
DR. CHARLES R. DREW PARK,6.34,QUEENS       ,0
TRINITY PARK,6.3,BROOKLYN     ,1
MADISON SQUARE PARK,6.23,MANHATTAN    ,30
ELMHURST PARK,6.22,QUEENS       ,4
FORT HAMILTON ATHLETIC FIELD,6.19,BROOKLYN     ,1
AMBROSINI FIELD,6.1,BRONX        ,0
CLEARVIEW PARK,6.05,QUEENS       ,0
RALPH DEMARCO PARK,6.03,QUEENS       ,0
WINGATE PARK,5.89,BROOKLYN     ,8
UNNAMED PARK ON DRUMGOOLE ROAD & HUGUENOT AVENUE,5.85,STATEN ISLAND,0
DE WITT CLINTON PARK,5.83,MANHATTAN    ,5
UNNAMED PARK ON BOUNDARY AVENUE,5.77,STATEN ISLAND,0
VAN VOORHEES PARK,5.74,BROOKLYN     ,0
HALLETS COVE PLAYGROUND,5.7,QUEENS       ,1
MCKINLEY PARK,5.66,BROOKLYN     ,10
SOUTHERN FIELDS,5.59,QUEENS       ,0
DEVOE PARK,5.44,BRONX        ,22
ST. MICHAEL'S PLAYGROUND,5.43,QUEENS       ,7
KENNEDY PLAYGROUND,5.4,QUEENS       ,2
MAFERA PARK,5.4,QUEENS       ,5
SEAGIRT AVE WETLANDS,5.32,QUEENS       ,0
JOHN PAUL JONES PARK,5.32,BROOKLYN     ,0
WALKER PARK,5.28,STATEN ISLAND,0
OLD PLACE CREEK PARK,5.23,STATEN ISLAND,0
HOOVER - MANTON PLAYGROUNDS,5.2,QUEENS       ,0
GEN. DOUGLAS MACARTHUR PARK,5.17,STATEN ISLAND,0
GROVER CLEVELAND PLAYGROUND,5.1,QUEENS       ,4
POLICE OFFICER EDWARD BYRNE PARK,4.97,QUEENS       ,3
CYPRESS HILLS PLAYGROUND,4.95,BROOKLYN     ,1
SETH LOW PLAYGROUND/ BEALIN SQUARE,4.95,BROOKLYN     ,13
KELLY PARK,4.9,BROOKLYN     ,19
SOCRATES SCULPTURE PARK,4.89,QUEENS       ,0
BEACH 9 PLAYGROUND,4.86,QUEENS       ,0
SOUTH BEACH WETLANDS,4.79,STATEN ISLAND,0
NAPLES PLAYGROUND,4.78,STATEN ISLAND,1
RAOUL WALLENBERG FOREST,4.73,BRONX        ,0
WEST HARLEM PIERS,4.71,MANHATTAN    ,1
SPORTS PARK,4.65,STATEN ISLAND,0
WASHINGTON'S WALK,4.64,BRONX        ,2
CAMBRIA PLAYGROUND,4.64,QUEENS       ,1
MARCONI PARK,4.64,QUEENS       ,6
VALENTINO PIER,4.53,BROOKLYN     ,0
GRANITEVILLE QUARRY PARK,4.47,STATEN ISLAND,1
MONTBELLIER PARK,4.43,QUEENS       ,5
QUARRY BALLFIELDS,4.42,BRONX        ,6
RICHMAN (ECHO) PARK,4.39,BRONX        ,15
JEROME PARK,4.36,BRONX        ,0
CORLEARS HOOK PARK,4.36,MANHATTAN    ,4
"PHIL ""SCOOTER"" RIZZUTO PARK",4.35,QUEENS       ,1
ASPHALT GREEN,4.35,MANHATTAN    ,7
FABER POOL AND PARK,4.34,STATEN ISLAND,2
MACHATE CIRCLE,4.32,BROOKLYN     ,0
HAMILTON FISH PARK,4.3,MANHATTAN    ,7
TIFFANY STREET PIER,4.23,BRONX        ,0
KINGDOM POND PARK,4.22,STATEN ISLAND,0
COLUMBUS PARK BROOKLYN,4.14,BROOKLYN     ,2
STAPLETON PLAYGROUND,4.1,STATEN ISLAND,3
STERNBERG PARK,4.04,BROOKLYN     ,17
COLUCCI PLAYGROUND,4,BRONX        ,1
NORTHERLEIGH PARK,3.96,STATEN ISLAND,1
STUYVESANT SQUARE,3.93,MANHATTAN    ,6
LAST CHANCE POND PARK,3.9,STATEN ISLAND,0
FORDHAM LANDING PLAYGROUND,3.9,BRONX        ,1
CHELSEA PARK,3.9,MANHATTAN    ,19
NORTH 5TH STREET PIER AND PARK,3.88,BROOKLYN     ,1
HAGGERTY PARK,3.87,QUEENS       ,4
JACOB H. SCHIFF PLAYGROUND,3.85,MANHATTAN    ,9
GRANT PARK,3.85,BRONX        ,5
EAST ELMHURST PLAYGROUND,3.83,QUEENS       ,1
JOSEPH AUSTIN PLAYGROUND,3.81,QUEENS       ,7
UNNAMED PARK ON ROCKAWAY BOARDWALK & CREST ROAD,3.81,QUEENS       ,0
LINCOLN CENTER PLAZA,3.8,MANHATTAN    ,0
INGRAM WOODS,3.77,STATEN ISLAND,0
FARM PLAYGROUND,3.76,QUEENS       ,0
HINTON PARK,3.74,QUEENS       ,3
LOUIS PASTEUR PARK,3.67,QUEENS       ,0
WHITEY FORD FIELD,3.62,QUEENS       ,0
POMONOK PLAYGROUND,3.6,QUEENS       ,1
CLAWSON PLAYGROUND,3.59,STATEN ISLAND,0
BENNETT REST,3.57,MANHATTAN    ,0
GOVERNOR SMITH PLAYGROUND,3.56,BRONX        ,0
PAERDEGAT PARK,3.56,BROOKLYN     ,3
AMERSFORT PARK,3.56,BROOKLYN     ,3
CITY LINE PARK,3.55,BROOKLYN     ,9
BAILEY PLAYGROUND,3.53,BRONX        ,1
NAUTILUS PLAYGROUND QUEENS,3.52,QUEENS       ,0
VINMONT VETERAN PARK,3.5,BRONX        ,2
MCDONALD PLAYGROUND BROOKLYN,3.49,BROOKLYN     ,1
THE OLDE TOWNE OF FLUSHING BURIAL GROUND,3.47,QUEENS       ,1
WEGENER PARK,3.46,STATEN ISLAND,0
UNNAMED PARK ON BEACH CHANNEL DRIVE & BEACH 89TH TO OLD BEACH 88TH STREET,3.43,QUEENS       ,0
JULIO CARBALLO FIELDS,3.43,BRONX        ,1
GRADY PLAYGROUND,3.4,BROOKLYN     ,5
CO-OP CITY FIELD,3.4,BRONX        ,0
BREININGER PARK,3.4,QUEENS       ,2
ST. MICHAEL'S PARK,3.4,QUEENS       ,5
GREENWOOD PLAYGROUND,3.39,BROOKLYN     ,2
ST. ANDREW'S PLAYGROUND,3.38,BROOKLYN     ,15
SEWARD PARK,3.36,MANHATTAN    ,10
BEHAGEN PLAYGROUND,3.35,BRONX        ,5
DUGAN PLAYGROUND,3.33,STATEN ISLAND,0
EVERGREEN PARK,3.32,QUEENS       ,4
JOHN JAY PARK,3.31,MANHATTAN    ,9
UNIVERSITY WOODS,3.31,BRONX        ,0
WATSON GLEASON PLAYGROUND,3.3,BRONX        ,18
TOTTENVILLE POOL,3.26,STATEN ISLAND,0
VITO LOCASCIO FIELD,3.26,QUEENS       ,0
CALLAHAN-KELLY PLAYGROUND,3.25,BROOKLYN     ,3
JUDGE MOSES WEINSTEIN PLAYGROUND,3.25,QUEENS       ,0
COLUMBUS PARK AT MANHATTAN,3.23,MANHATTAN    ,10
GREENCROFT PLAYGROUND,3.23,STATEN ISLAND,0
BILL BROWN PLAYGROUND,3.21,BROOKLYN     ,3
SARATOGA PARK,3.21,BROOKLYN     ,7
SCARANGELLA PARK,3.21,BROOKLYN     ,1
NOBLE PLAYGROUND,3.21,BRONX        ,8
JAMAICA PLAYGROUND,3.21,QUEENS       ,3
MARCY PLAYGROUND,3.2,BROOKLYN     ,1
LYONS POOL,3.2,STATEN ISLAND,1
WAYANDA PARK,3.17,QUEENS       ,0
AMERICAN VETERANS MEMORIAL PIER,3.17,BROOKLYN     ,0
HOLCOMBE RUCKER PARK,3.13,MANHATTAN    ,3
JESSE OWENS PLAYGROUND,3.1,BROOKLYN     ,0
EAST RIVER WALK,3.09,MANHATTAN    ,1
PARK OF THE AMERICAS,3.08,QUEENS       ,19
BROOKLYN HEIGHTS PROMENADE,3.04,BROOKLYN     ,2
J.J. BYRNE PLAYGROUND,3.03,BROOKLYN     ,13
HERO PARK,3.02,STATEN ISLAND,0
NOSTRAND PLAYGROUND,3.02,BROOKLYN     ,3
FORT INDEPENDENCE PLAYGROUND,3.02,BRONX        ,2
BROWNSVILLE PLAYGROUND,3.02,BROOKLYN     ,2
GRANDVIEW PLAYGROUND,3.01,STATEN ISLAND,0
LAWRENCE VIRGILIO PLAYGROUND,3.01,QUEENS       ,2
JACOB JOFFE FIELDS,2.98,BROOKLYN     ,0
CLASSON PLAYGROUND AT CLASSON AVENUE & KENT,2.98,BROOKLYN     ,0
UTOPIA PLAYGROUND,2.98,QUEENS       ,0
BATH BEACH PARK,2.96,BROOKLYN     ,2
GLEN OAKS OVAL,2.95,QUEENS       ,0
MERRIAM PLAYGROUND,2.94,BRONX        ,4
POSEIDON PLAYGROUND,2.94,BROOKLYN     ,0
ROBERT E. VENABLE PARK,2.94,BROOKLYN     ,2
LEFFERTS PLAYGROUND,2.94,QUEENS       ,0
WALT WHITMAN PARK,2.91,BROOKLYN     ,0
WESTERLEIGH PARK,2.89,STATEN ISLAND,1
PETERS FIELD,2.87,QUEENS       ,1
DELPHIN H. GREENE PLAYGROUND,2.86,QUEENS       ,0
HOFFMAN PARK,2.86,QUEENS       ,5
MARKHAM PLAYGROUND,2.84,STATEN ISLAND,1
SPERANDEO BROTHERS PLAYGROUND,2.8,BROOKLYN     ,3
BUSHWICK PLAYGROUND ON KNICKERBOCKER AVENUE,2.78,BROOKLYN     ,12
IRVING SQUARE PARK,2.76,BROOKLYN     ,3
ST. VARTAN PARK,2.76,MANHATTAN    ,8
RAVENSWOOD PLAYGROUND,2.76,QUEENS       ,3
GORMAN PLAYGROUND,2.76,QUEENS       ,1
LOUIS CUVILLIER PARK,2.75,MANHATTAN    ,0
GRACE PLAYGROUND,2.74,BROOKLYN     ,20
GREEN CENTRAL KNOLL,2.74,BROOKLYN     ,0
DETECTIVE WILLIAM T. GUNN PARK,2.72,QUEENS       ,1
HOLY COW PLAYGROUND,2.7,QUEENS       ,0
BAYSIDE FIELDS,2.69,QUEENS       ,0
HICKMAN PLAYGROUND,2.66,BROOKLYN     ,0
ARBUTUS WOODS PARK,2.65,STATEN ISLAND,0
STARS & STRIPES PLAYGROUND,2.65,BRONX        ,2
P.O. SERRANO PLAYGROUND,2.62,BRONX        ,1
COLEMAN PLAYGROUND,2.61,MANHATTAN    ,13
MARGARET I. CARMAN GREEN - WEEPING BEECH,2.6,QUEENS       ,3
KATHY REILLY TRIANGLE,2.59,BROOKLYN     ,0
RIVERDALE PLAYGROUND,2.58,BRONX        ,1
MARIE CURIE PARK,2.55,QUEENS       ,1
EDENWALD PLAYGROUND,2.54,BRONX        ,1
THOMAS GREENE PLAYGROUND,2.53,BROOKLYN     ,0
MURRAY PLAYGROUND,2.52,QUEENS       ,3
BATHGATE PLAYGROUND,2.5,BRONX        ,3
BIG BUSH PARK,2.5,QUEENS       ,3
JOSEPH RODMAN DRAKE PARK,2.49,BRONX        ,0
INDEPENCE PARK SYLVAN GROVE CEMETERY,2.48,STATEN ISLAND,0
ALLEY PARK,2.45,QUEENS       ,0
FREDERICK JOHNSON PLAYGROUND,2.45,MANHATTAN    ,1
DAMROSCH PARK,2.44,MANHATTAN    ,0
ASSER LEVY PLAYGROUND,2.44,MANHATTAN    ,14
HARRY MAZE PLAYGROUND,2.43,BROOKLYN     ,3
LOST BATTALION HALL RECREATION CENTER,2.41,QUEENS       ,0
DUTCH KILLS PLAYGROUND,2.4,QUEENS       ,5
KOSCIUSZKO POOL,2.39,BROOKLYN     ,2
WEST PLAYGROUND,2.39,BROOKLYN     ,1
HOMECREST PLAYGROUND,2.37,BROOKLYN     ,9
DE MATTI PLAYGROUND,2.34,STATEN ISLAND,0
POE PARK,2.33,BRONX        ,11
OVERLOOK PARK,2.33,QUEENS       ,0
BARUCH PLAYGROUND,2.32,MANHATTAN    ,2
OSBORN PLAYGROUND,2.3,BROOKLYN     ,3
FLOYD PATTERSON BALLFIELDS,2.3,BROOKLYN     ,1
RAILROAD PLAYGROUND,2.3,BROOKLYN     ,1
TRIBORO PLAZA,2.3,MANHATTAN    ,0
POWER PLAYGROUND,2.3,BROOKLYN     ,2
MONSIGNOR CRAWFORD FIELD,2.29,BROOKLYN     ,0
MARTIN LUTHER KING JR. PLAYGROUND,2.29,BROOKLYN     ,5
P.O. REINALDO SALGADO PLAYGROUND,2.29,BROOKLYN     ,5
CARLTON PARK AT CARLTON AVENUE & FOSTER ROAD,2.29,STATEN ISLAND,0
CENTURY PLAYGROUND,2.28,BROOKLYN     ,1
SOUTH PACIFIC PLAYGROUND,2.26,BROOKLYN     ,3
NORTH SHORE ESPLANADE,2.25,STATEN ISLAND,0
FOX PLAYGROUND BROOKLYN,2.25,BROOKLYN     ,1
VLEIGH PLAYGROUND,2.24,QUEENS       ,3
LAREDO AVENUE PARCEL,2.22,STATEN ISLAND,0
FREDERICK B. JUDGE PLAYGROUND,2.22,QUEENS       ,1
BELMONT PLAYGROUND BRONX,2.21,BRONX        ,8
MAHONEY PLAYGROUND,2.21,STATEN ISLAND,2
ANCHORAGE PLAZA,2.2,BROOKLYN     ,0
ASTORIA HEIGHTS PLAYGROUND,2.2,QUEENS       ,2
HOYT PLAYGROUND,2.2,QUEENS       ,1
LORETO PLAYGROUND,2.18,BRONX        ,2
HARDING PARK,2.16,BRONX        ,1
WASHINGTON MARKET PARK,2.15,MANHATTAN    ,1
VIDALIA PARK,2.14,BRONX        ,3
UNNAMED PARK ON E 122ND STREET,2.13,MANHATTAN    ,1
BRIDGE PARK BROOKLYN,2.12,BROOKLYN     ,12
HAMILTON METZ FIELD,2.11,BROOKLYN     ,8
CARDOZO PLAYGROUND,2.1,QUEENS       ,0
CENTREVILLE PLAYGROUND,2.1,QUEENS       ,0
REDFERN PLAYGROUND,2.09,QUEENS       ,0
SHEEPSHEAD PLAYGROUND,2.09,BROOKLYN     ,2
STORY PLAYGROUND,2.08,BRONX        ,4
SAKURA PARK,2.07,MANHATTAN    ,1
LINNAEUS PARK,2.07,QUEENS       ,0
CASTLEWOOD PLAYGROUND,2.06,QUEENS       ,0
SKYLINE PLAYGROUND,2.06,STATEN ISLAND,0
CLOVE'S TAIL,2.06,STATEN ISLAND,0
DANIEL M. O'CONNELL PLAYGROUND,2.04,QUEENS       ,2
CHALLENGE PLAYGROUND,2.04,QUEENS       ,0
TORSNEY PLAYGROUND,2.03,QUEENS       ,3
LOCUST MANOR PLAYGROUND,2,QUEENS       ,0
PLAYGROUND ONE THIRTY FOUR CXXXIV,2,BRONX        ,0
FULTON PARK,1.99,BROOKLYN     ,11
ANDREW HASWELL GREEN PARK,1.98,MANHATTAN    ,0
MOORE HOMESTEAD PLAYGROUND,1.98,QUEENS       ,25
MCLAUGHLIN PARK,1.98,BROOKLYN     ,8
COLONEL DAVID MARCUS PLAYGROUND,1.97,BROOKLYN     ,3
SUMNER PLAYGROUND,1.97,BROOKLYN     ,2
ROSEMARY'S PLAYGROUND,1.97,QUEENS       ,8
SAUL WEPRIN PLAYGROUND,1.96,QUEENS       ,0
FREDERICK DOUGLASS PLAYGROUND,1.95,MANHATTAN    ,9
UNNAMED PARK ON HEMPSTEAD AVENUE,1.94,QUEENS       ,0
BRIDGE PARK 3,1.93,BROOKLYN     ,1
THE PAINTER'S PLAYGROUND,1.93,QUEENS       ,0
ROBERTO CLEMENTE BALLFIELD,1.93,BROOKLYN     ,0
TERRACE PLAYGROUND,1.92,STATEN ISLAND,0
TRAVERS PARK,1.92,QUEENS       ,13
BUFANO PARK,1.9,BRONX        ,2
DIMATTINA PLAYGROUND,1.9,BROOKLYN     ,0
HERMAN DOLGON PLAYGROUND,1.89,BROOKLYN     ,0
GORMAN PARK,1.89,MANHATTAN    ,6
WILLIS PLAYGROUND,1.88,BRONX        ,5
WEST BRONX RECREATION CENTER,1.88,BRONX        ,0
THOMAS PAINE PARK,1.88,MANHATTAN    ,1
CARROLL PARK,1.87,BROOKLYN     ,5
COLGATE CLOSE,1.87,BRONX        ,0
LONDON PLANETREE PLAYGROUND,1.84,QUEENS       ,7
SUTTER BALLFIELDS,1.84,BROOKLYN     ,2
TAAFFE PLAYGROUND,1.82,BROOKLYN     ,1
GIVAN SQUARE,1.82,BRONX        ,1
THOMAS BOYLAND PARK,1.82,BROOKLYN     ,2
HAROLD ICKES PLAYGROUND,1.82,BROOKLYN     ,0
REV J POLITE PLAYGROUND,1.82,BRONX        ,0
MAPES BALLFIELD,1.81,BRONX        ,0
MIDLAND MALLS,1.8,QUEENS       ,0
CEDAR PLAYGROUND,1.8,BRONX        ,2
BENNETT PARK,1.8,MANHATTAN    ,2
CONCH PLAYGROUND,1.8,QUEENS       ,0
RAYMOND BUSH PLAYGROUND,1.8,BROOKLYN     ,5
PLAYGROUND 52 LII,1.79,BRONX        ,0
DR. GREEN PLAYGROUND,1.79,BROOKLYN     ,1
BRUST PARK,1.79,BRONX        ,0
LAURELTON PLAYGROUND,1.79,QUEENS       ,1
SIMEONE PARK,1.78,QUEENS       ,2
MANOR PARK,1.78,STATEN ISLAND,0
TAPPEN PARK,1.78,STATEN ISLAND,3
LUNA PARK,1.76,BROOKLYN     ,24
ALFRED E. SMITH PLAYGROUND,1.75,MANHATTAN    ,4
ELECTRIC PLAYGROUND,1.75,QUEENS       ,1
YELLOWSTONE PARK,1.75,QUEENS       ,3
CORONA GOLF PLAYGROUND,1.72,QUEENS       ,1
WILSON PLAYGROUND,1.72,BROOKLYN     ,1
NORTHERN PLAYGROUND,1.72,QUEENS       ,9
BARTEL-PRITCHARD SQUARE,1.71,BROOKLYN     ,1
DOUGHBOY PLAZA,1.71,QUEENS       ,2
CASTLE HILL LITTLE LEAGUE FIELD,1.71,BRONX        ,0
GRAND FERRY PARK,1.7,BROOKLYN     ,2
HAPPY WARRIOR PLAYGROUND,1.7,MANHATTAN    ,1
ALLEN MALL ONE,1.7,MANHATTAN    ,4
PLAYGROUND ONE TWENTY FIVE CXXV,1.69,MANHATTAN    ,0
STAR SPANGLED PLAYGROUND,1.69,BROOKLYN     ,0
PATTERSON PLAYGROUND,1.68,BRONX        ,1
MOUNT EDEN MALLS,1.68,BRONX        ,0
MIDLAND PLAYGROUND,1.68,STATEN ISLAND,0
ADAM CLAYTON POWELL JR. MALLS,1.68,MANHATTAN    ,1
BANNEKER PLAYGROUND,1.67,BROOKLYN     ,2
JAMES J WALKER PARK,1.67,MANHATTAN    ,7
WHITESTONE PLAYGROUND,1.66,QUEENS       ,1
EQUITY PARK,1.66,QUEENS       ,4
THURSBY BASIN PARK,1.66,QUEENS       ,0
BELL MALLS,1.65,QUEENS       ,0
LEIF ERICSON FIELDS,1.65,BROOKLYN     ,3
NEHEMIAH PARK,1.65,BROOKLYN     ,3
MARBLE HILL PLAYGROUND,1.65,BRONX        ,3
WAGNER HOUSES POOL,1.64,MANHATTAN    ,0
HARLEM LANE PLAYGROUND,1.64,MANHATTAN    ,0
CROWLEY PLAYGROUND,1.63,QUEENS       ,1
BURNS PLAYGROUND,1.62,BRONX        ,1
100% PLAYGROUND,1.62,BROOKLYN     ,3
JACKIE ROBINSON PARK BROOKLYN,1.61,BROOKLYN     ,3
IDA COURT,1.6,STATEN ISLAND,0
JENNIFER'S PLAYGROUND,1.6,STATEN ISLAND,0
REAL GOOD PARK,1.6,QUEENS       ,0
ALLERTON PLAYGROUND,1.6,BRONX        ,1
OCEAN HILL PLAYGROUND,1.6,BROOKLYN     ,3
BELLEVUE SOUTH PARK,1.59,MANHATTAN    ,6
MAZZEI PLAYGROUND,1.59,BRONX        ,0
DAG HAMMARSKJOLD PLAZA,1.59,MANHATTAN    ,1
KOLBERT PLAYGROUND,1.58,BROOKLYN     ,6
POOR RICHARD'S PLAYGROUND,1.58,MANHATTAN    ,7
OLMSTED-BEIL HOUSE PARK,1.58,STATEN ISLAND,0
TAYLOR PLAYGROUND,1.58,BRONX        ,1
JOAN OF ARC PARK,1.58,MANHATTAN    ,0
HARMONY PARK,1.56,BROOKLYN     ,0
BRIARWOOD PLAYGROUND,1.56,QUEENS       ,0
CLINTONVILLE PLAYGROUND,1.55,QUEENS       ,0
FLATBUSH MALLS,1.55,BROOKLYN     ,0
WASHINGTON PARK BROOKLYN,1.55,BROOKLYN     ,4
JOHN HANCOCK PLAYGROUND,1.55,BROOKLYN     ,5
FRANK D. O'CONNOR PLAYGROUND,1.54,QUEENS       ,13
OLD TOWN PLAYGROUND,1.53,STATEN ISLAND,0
HUGUENOT PONDS PARK,1.53,STATEN ISLAND,0
REIFF PLAYGROUND,1.53,QUEENS       ,6
RUSSELL SAGE PLAYGROUND,1.53,QUEENS       ,1
ROGER MORRIS PARK,1.52,MANHATTAN    ,0
BROAD CHANNEL PARK,1.52,QUEENS       ,0
SPUYTEN DUYVIL PLAYGROUND,1.51,BRONX        ,1
JOHN ALLEN PAYNE PARK,1.51,BROOKLYN     ,0
BULOVA PARK,1.5,QUEENS       ,1
DECATUR PLAYGROUND,1.5,BROOKLYN     ,3
GOLCONDA PLAYGROUND,1.5,BROOKLYN     ,5
DRY DOCK PLAYGROUND,1.5,MANHATTAN    ,2
MAPLE GROVE PARK,1.5,QUEENS       ,0
UNNAMED PARK ON RIVERSIDE DRIVE,1.49,MANHATTAN    ,5
MARX BROTHERS PLAYGROUND,1.49,MANHATTAN    ,0
BREVOORT PLAYGROUND,1.49,BROOKLYN     ,0
PLAYGROUND SIXTY TWO LXII,1.48,QUEENS       ,0
TALL OAK PLAYGROUND,1.48,QUEENS       ,0
FRONTERA PARK,1.47,QUEENS       ,1
COLDEN PLAYGROUND,1.47,QUEENS       ,1
LUTHER GULICK PLAYGROUND,1.45,MANHATTAN    ,2
PULASKI PARK,1.45,BRONX        ,2
BOOKER T. WASHINGTON PLAYGROUND,1.44,MANHATTAN    ,3
DUNBAR PLAYGROUND,1.44,BRONX        ,2
PLAYGROUND TWENTY ONE,1.44,QUEENS       ,0
PROSPECT PLAYGROUND,1.44,BRONX        ,0
WOODS PLAYGROUND,1.44,BROOKLYN     ,2
GLENWOOD PLAYGROUND,1.43,BROOKLYN     ,1
SHELTERING ARMS PLAYGROUND,1.43,MANHATTAN    ,4
ALMEDA PLAYGROUND,1.43,QUEENS       ,1
GAETA PARK,1.43,STATEN ISLAND,0
MALL FORTY TWO XLII,1.43,QUEENS       ,0
NORELLI-HARGREAVES PLAYGROUND,1.43,QUEENS       ,0
BILDERSEE PLAYGROUND,1.42,BROOKLYN     ,0
PULASKI PLAYGROUND,1.42,BROOKLYN     ,2
MACDONALD PARK,1.42,QUEENS       ,0
OWEN F. DOLEN PARK,1.4,BRONX        ,1
VAN DYKE PLAYGROUND,1.4,BROOKLYN     ,1
WILLIAMSBRIDGE SQUARE,1.4,BRONX        ,1
PEOPLE'S PARK,1.39,BRONX        ,4
DOME PLAYGROUND,1.39,BROOKLYN     ,6
RUSSELL PEDERSEN PLAYGROUND,1.38,BROOKLYN     ,0
ST. CATHERINE'S PARK,1.38,MANHATTAN    ,2
HOWARD VON DOHLEN PLAYGROUND,1.38,QUEENS       ,4
NAUTILUS PLAYGROUND BROOKLYN,1.38,BROOKLYN     ,3
HAVEN AVENUE,1.38,MANHATTAN    ,0
ARCILLA PLAYGROUND,1.38,BRONX        ,5
FOUNTAIN OF YOUTH PLAYGROUND,1.38,BRONX        ,0
LIEUTENANT JOHN H. MARTINSON PLAYGROUND,1.38,STATEN ISLAND,0
MARTINEZ PLAYGROUND,1.37,BROOKLYN     ,1
HILLSIDE PARK BROOKLYN,1.37,BROOKLYN     ,0
PLAYGROUND ONE FORTY,1.37,QUEENS       ,1
LT. LIA PLAYGROUND,1.37,STATEN ISLAND,4
CRACK IS WACK PLAYGROUND,1.37,MANHATTAN    ,2
CASTLE HILL PLAYGROUND,1.37,BRONX        ,0
ADAM YAUCH PARK,1.36,BROOKLYN     ,1
HOPE BALLFIELD,1.36,BROOKLYN     ,3
DR. RONALD MCNAIR PARK,1.36,BROOKLYN     ,0
ADMIRAL FARRAGUT PLAYGROUND,1.36,BRONX        ,1
MCDONALD PLAYGROUND STATEN ISLAND,1.35,STATEN ISLAND,0
UNNAMED PARK ON VANDALIA AVENUE,1.35,BROOKLYN     ,0
FRESH MEADOWS PLAYGROUND,1.35,QUEENS       ,1
PLAYGROUND EIGHTY LXXX,1.35,QUEENS       ,0
PRINTER'S PARK,1.34,BRONX        ,0
RENAISSANCE PLAYGROUND,1.34,MANHATTAN    ,1
CLASSON PLAYGROUND AT CLASSON AVENUE & LAFAYETTE AVENUE,1.34,BROOKLYN     ,3
REMSEN PLAYGROUND,1.33,BROOKLYN     ,0
MARC AND JASON'S PLAYGROUND,1.33,BROOKLYN     ,1
VETERANS PARK STATEN ISLAND,1.32,STATEN ISLAND,3
LYONS SQUARE PLAYGROUND,1.32,BRONX        ,4
AGNES HAYWOOD PLAYGROUND,1.32,BRONX        ,3
MARION HOPKINSON PLAYGROUND,1.32,BROOKLYN     ,7
AMPERE PLAYGROUND,1.32,QUEENS       ,2
POTOMAC PLAYGROUND,1.32,BROOKLYN     ,8
DETECTIVE JOSEPH MAYROSE PARK,1.31,BROOKLYN     ,3
PAUL RAIMONDA PLAYGROUND,1.31,QUEENS       ,0
PRALL PLAYGROUND,1.31,STATEN ISLAND,1
HORACE HARDING PLAYGROUND,1.3,QUEENS       ,0
DEAN PLAYGROUND,1.3,BROOKLYN     ,8
SEVEN GABLES PLAYGROUND,1.3,QUEENS       ,0
TRIBOROUGH BRIDGE PLAYGROUND B,1.3,QUEENS       ,1
LITTLE FLOWER PLAYGROUND,1.29,MANHATTAN    ,1
DONGAN PLAYGROUND,1.29,STATEN ISLAND,0
BUSHWICK PLAYGROUND ON FLUSHING AVENUE,1.29,BROOKLYN     ,1
SAMUEL H. YOUNG PARK,1.29,BRONX        ,0
EAST RIVER PLAYGROUND,1.29,MANHATTAN    ,2
SPACE TIME PLAYGROUND,1.28,BRONX        ,3
BOWNE PLAYGROUND,1.28,QUEENS       ,8
RUDD PLAYGROUND,1.28,BROOKLYN     ,1
WILLOW LAKE PLAYGROUND,1.28,QUEENS       ,0
MURPHY'S BROTHER'S PLAYGROUND,1.28,MANHATTAN    ,2
COONEY GRAUER FIELD,1.27,BRONX        ,0
WAGNER PLAYGROUND,1.27,MANHATTAN    ,3
EMERALD PLAYGROUND,1.27,QUEENS       ,1
PELHAM BAY LITTLE LEAGUE,1.26,BRONX        ,1
CHARLIE'S PLACE,1.26,BROOKLYN     ,2
GREENE PLAYGROUND,1.26,BROOKLYN     ,1
TANAHEY PLAYGROUND,1.25,MANHATTAN    ,3
ALBERT J. PARHAM PLAYGROUND,1.25,BROOKLYN     ,1
PARKSIDE PLAYGROUND BROOKLYN,1.25,BROOKLYN     ,3
PLAYGROUND NINETY,1.25,QUEENS       ,6
CARLTON PARK AT CARLTON BOULEVARD & CROWN AVENUE,1.25,STATEN ISLAND,0
NEPTUNE PLAYGROUND,1.24,BROOKLYN     ,0
HECKSCHER PLAYGROUND,1.24,BROOKLYN     ,10
ANNUNCIATION PARK,1.24,MANHATTAN    ,1
QUEENSBORO OVAL,1.24,MANHATTAN    ,0
GRASSMERE PLAYGROUND,1.24,QUEENS       ,0
GONZALO PLASENCIA PLAYGROUND,1.24,BROOKLYN     ,0
RIENZI PLAYGROUND,1.23,BRONX        ,3
PATRICK O'ROURKE PARK,1.23,BROOKLYN     ,0
ROEBLING PLAYGROUND,1.23,BROOKLYN     ,1
FRESH MEADOWS PARK,1.23,QUEENS       ,0
HOWARD BENNETT PLAYGROUND,1.23,MANHATTAN    ,3
STANLEY ISAACS PLAYGROUND,1.23,MANHATTAN    ,1
CHAPPETTO SQUARE,1.23,QUEENS       ,0
BRIGHTON PLAYGROUND,1.23,BROOKLYN     ,5
NELSON PLAYGROUND,1.22,BRONX        ,6
SHEEPSHEAD BAY PIERS,1.22,BROOKLYN     ,0
ELEANOR ROOSEVELT PLAYGROUND,1.21,BROOKLYN     ,1
BAYVIEW PLAYGROUND,1.21,BROOKLYN     ,0
BAYSIDE PLAYGROUND,1.21,QUEENS       ,0
FRANCIS LEWIS PLAYGROUND,1.21,QUEENS       ,1
MURRAY HILL PLAYGROUND,1.21,QUEENS       ,1
MAGENTA PLAYGROUND,1.21,BRONX        ,2
TIFFANY PLAYGROUND,1.21,BRONX        ,2
MAURICE A FITZGERALD PLAYGROUND,1.2,QUEENS       ,1
DANIEL BOONE PLAYGROUND,1.2,BRONX        ,0
HILTON HOLIDAY GARDENS,1.2,QUEENS       ,0
HATTIE CARTHAN PLAYGROUND,1.2,BROOKLYN     ,2
KOREAN WAR VETERANS PLAZA,1.2,BROOKLYN     ,0
STROUD PLAYGROUND,1.19,BROOKLYN     ,1
TILDEN PLAYGROUND,1.19,BROOKLYN     ,2
LAFAYETTE PLAYGROUND ON STILLWELL AVENUE,1.19,BROOKLYN     ,0
SOUTH OXFORD PARK,1.19,BROOKLYN     ,5
UNDERWOOD PARK,1.19,BROOKLYN     ,2
GROVE HILL PLAYGROUND,1.19,BRONX        ,0
LA GUARDIA PLAYGROUND,1.18,BROOKLYN     ,0
UNNAMED PARK ON DRUMGOOLE ROAD & VERNON AVENUE,1.18,STATEN ISLAND,0
BELMONT PLAYGROUND BROOKLYN,1.18,BROOKLYN     ,1
STEUBEN PLAYGROUND,1.17,BROOKLYN     ,0
THE CYCLONE,1.17,BROOKLYN     ,0
WILLIAM SHERIDAN PLAYGROUND,1.17,BROOKLYN     ,1
OAKLAND GARDENS,1.17,QUEENS       ,2
UNIVERSITY PLACE,1.16,BROOKLYN     ,0
EHRENREICH-AUSTIN PLAYGROUND,1.16,QUEENS       ,1
HARDING PARK BEAUTIFICATION PROJECT,1.16,BRONX        ,0
HILLSIDE PARK QUEENS,1.16,QUEENS       ,1
SITTING AREA AT HOYT AVENUE,1.16,QUEENS       ,1
CUYLER GORE PARK,1.16,BROOKLYN     ,1
BATH PLAYGROUND,1.16,BROOKLYN     ,1
POLICE OFFICER NICHOLAS DEMUTIIS PARK,1.15,QUEENS       ,2
"""UNCLE"" VITO E. MARANZANO GLENDALE PLAYGROUND",1.15,QUEENS       ,0
RAPPAPORT PLAYGROUND,1.15,BROOKLYN     ,1
EAST SPRINGFIELD PLAYGROUND,1.15,QUEENS       ,1
WILLETS POINT PLAYGROUND,1.15,QUEENS       ,0
TOAD HALL PLAYGROUND,1.15,STATEN ISLAND,0
SEASIDE PLAYGROUND,1.14,QUEENS       ,0
CORPORAL JOHN A. SERAVALLI PLAYGROUND,1.14,MANHATTAN    ,9
POPPENHUSEN PLAYGROUND,1.14,QUEENS       ,1
UNNAMED PARK ON ROCKAWAY BOARDWALK & B 28TH ST,1.14,QUEENS       ,0
SOBEL COURT PARK,1.14,STATEN ISLAND,0
UNNAMED PARK ON SOUNDVIEW AVENUE,1.13,BRONX        ,0
D'EMIC PLAYGROUND,1.13,BROOKLYN     ,1
FIDLER-WYCKOFF HOUSE PARK,1.13,BROOKLYN     ,1
WESTBOURNE PLAYGROUND,1.13,QUEENS       ,0
PRESCOTT PLAYGROUND,1.12,STATEN ISLAND,0
LOPEZ PLAYGROUND,1.12,STATEN ISLAND,0
HUGH J. GRANT CIRCLE,1.11,BRONX        ,0
P.S. 29 BALL FIELD,1.11,BRONX        ,0
PENA HERRERA PARK,1.11,BROOKLYN     ,0
MENTONE PLAYGROUND,1.1,QUEENS       ,0
MIDDLETON PLAYGROUND,1.1,BROOKLYN     ,1
DE HOSTOS PLAYGROUND,1.1,BROOKLYN     ,2
SARATOGA BALLFIELDS,1.1,BROOKLYN     ,3
ROBERT MOSES PLAYGROUND,1.09,MANHATTAN    ,0
STOCKTON PLAYGROUND,1.09,BROOKLYN     ,0
JACOB'S LADDER PLAYGROUND,1.09,BROOKLYN     ,0
LOUIS ARMSTRONG PLAYGROUND,1.09,QUEENS       ,1
UNNAMED PARK ON HAMILTON AVENUE,1.08,BROOKLYN     ,0
LATIMER PLAYGROUND,1.08,QUEENS       ,0
UNNAMED PARK ON MELROSE AVENUE,1.08,BRONX        ,1
MARLBORO PLAYGROUND,1.07,BROOKLYN     ,1
NORTH ROCHDALE PLAYGROUND,1.07,QUEENS       ,0
JEROME PLAYGROUND,1.07,BROOKLYN     ,0
GREAT KILLS PARK AT HILLCREST AVENUE,1.07,STATEN ISLAND,1
FERMI PLAYGROUND,1.06,BROOKLYN     ,5
ERICSSON PLAYGROUND,1.06,BROOKLYN     ,0
MELLETT PLAYGROUND,1.06,BROOKLYN     ,3
NELLIE BLY PARK,1.06,BROOKLYN     ,0
TELEPHONE PLAYGROUND,1.06,QUEENS       ,0
SEDGWICK PLAYGROUND,1.05,BRONX        ,4
BRUCKNER PLAYGROUND,1.05,BRONX        ,1
MILLBROOK PLAYGROUND,1.05,BRONX        ,1
PLAYGROUND 103 CIII,1.05,MANHATTAN    ,0
ROCKET PARK,1.05,QUEENS       ,0
BEACH CHANNEL PLAYGROUND,1.05,QUEENS       ,1
LOZADA PLAYGROUND,1.05,BRONX        ,1
L/CPL THOMAS P. NOONAN JR. PLAYGROUND,1.05,QUEENS       ,3
JAMES WELDON JOHNSON PLAYGROUND,1.05,MANHATTAN    ,3
SPRINGFIELD PARK NORTH,1.05,QUEENS       ,2
NICHOLAS NAQUAN HEYWARD JR. PARK,1.04,BROOKLYN     ,5
FISH PLAYGROUND,1.04,BROOKLYN     ,8
PLANEVIEW PARK,1.04,QUEENS       ,0
GILBERT RAMIREZ PARK,1.03,BROOKLYN     ,1
OXPORT PLAYGROUND,1.03,BROOKLYN     ,0
VAN ALST PLAYGROUND,1.03,QUEENS       ,0
WOODTREE PLAYGROUND,1.03,QUEENS       ,0
HAMMEL PLAYGROUND,1.03,QUEENS       ,0
EASTCHESTER PLAYGROUND,1.03,BRONX        ,0
SUNRISE PLAYGROUND,1.03,QUEENS       ,0
POWELL PLAYGROUND,1.02,BROOKLYN     ,2
MATTHEWS MULINER PLAYGROUND,1.02,BRONX        ,1
KALTENMEIER PLAYGROUND,1.02,STATEN ISLAND,1
BOWLING GREEN,1.02,MANHATTAN    ,1
ANNADALE PLAYGROUND,1.01,QUEENS       ,1
CURTIS PLAYGROUND,1,BROOKLYN     ,1
MELROSE PLAYGROUND,1,BRONX        ,1
CASERTA PLAYGROUND,1,BRONX        ,2
HACKETT PARK,1,BRONX        ,0
PLAYGROUND 174,1,BRONX        ,1
PLIMPTON PLAYGROUND,1,BRONX        ,1
RANDALL PLAYGROUND,1,BRONX        ,0
CHESTER PLAYGROUND,1,BROOKLYN     ,5
HOWARD PLAYGROUND,1,BROOKLYN     ,2
JACKIE ROBINSON PLAYGROUND,1,BROOKLYN     ,5
PINK PLAYGROUND,1,BROOKLYN     ,1
BLAKE HOBBS PLAYGROUND,1,MANHATTAN    ,0
MARTIN LUTHER KING PLAYGROUND,1,MANHATTAN    ,2
MONSIGNOR KETT PLAYGROUND,1,MANHATTAN    ,4
RUPPERT PARK,1,MANHATTAN    ,0
BELLEROSE PLAYGROUND,1,QUEENS       ,0
ARVERNE PLAYGROUND,0.99,QUEENS       ,5
ABRAHAM LINCOLN PLAYGROUND,0.99,MANHATTAN    ,0
CAPTAIN RIVERA PLAYGROUND,0.99,BRONX        ,6
NEWTOWN BARGE PLAYGROUND,0.98,BROOKLYN     ,0
HOLLIS PLAYGROUND,0.98,QUEENS       ,1
MAPLE PLAYGROUND,0.98,QUEENS       ,4
GOUVERNEUR PLAYGROUND,0.98,BRONX        ,4
MOTT PLAYGROUND,0.98,BRONX        ,4
ZIMMERMAN PLAYGROUND,0.97,BRONX        ,3
LANNETT PLAYGROUND,0.97,QUEENS       ,0
RANAQUA PARK,0.97,BRONX        ,0
TEN EYCK PLAYGROUND,0.97,BROOKLYN     ,0
MAE GRANT PLAYGROUND,0.97,MANHATTAN    ,1
ANDRIES PLAYGROUND,0.96,BROOKLYN     ,3
CARVER PLAYGROUND,0.96,BROOKLYN     ,1
PARK SLOPE PLAYGROUND,0.96,BROOKLYN     ,3
CHERRY TREE PARK,0.95,MANHATTAN    ,4
DAVIS PLAYGROUND,0.95,STATEN ISLAND,0
MATTHEW P. SAPOLIN PLAYGROUND,0.95,MANHATTAN    ,0
PETER MINUIT PLAYGROUND,0.94,MANHATTAN    ,0
SOUTH ROCHDALE PLAYGROUND,0.94,QUEENS       ,1
DREW PLAYGROUND,0.94,BRONX        ,0
FOX PLAYGROUND BRONX,0.94,BRONX        ,0
WALTER WARD PLAYGROUND,0.94,QUEENS       ,1
BENSON PLAYGROUND,0.93,BROOKLYN     ,1
CRISPUS ATTUCKS PLAYGROUND,0.93,BROOKLYN     ,1
SURF PLAYGROUND,0.93,BROOKLYN     ,0
BERGEN BEACH PLAYGROUND,0.93,BROOKLYN     ,0
TIGER PLAYGROUND,0.93,BROOKLYN     ,0
ATHENS SQUARE,0.93,QUEENS       ,3
ROCK GARDEN PARK,0.92,BRONX        ,2
SAW MILL PLAYGROUND,0.92,BRONX        ,3
P.S. 279 PLAYGROUND,0.92,BROOKLYN     ,0
VIRGINIA PARK,0.92,BRONX        ,2
BOERUM PARK,0.92,BROOKLYN     ,4
ALBEMARLE PLAYGROUND,0.92,BROOKLYN     ,0
BARTLETT PLAYGROUND,0.92,BROOKLYN     ,0
NEWPORT PLAYGROUND,0.92,BROOKLYN     ,1
PRATT PLAYGROUND,0.92,BROOKLYN     ,1
CARTER G. WOODSON CHILDREN'S PARK,0.92,BROOKLYN     ,0
HOUSTON PLAYGROUND,0.92,BROOKLYN     ,1
LIVONIA PARK,0.92,BROOKLYN     ,2
DITMARS PARK,0.92,QUEENS       ,0
WHITE PLAYGROUND STATEN ISLAND,0.92,STATEN ISLAND,0
EDMONDS PLAYGROUND,0.92,BROOKLYN     ,2
GARDEN PLAYGROUND,0.92,BROOKLYN     ,2
PONTIAC PLAYGROUND,0.91,BRONX        ,4
MARTIN LUTHER PLAYGROUND,0.91,BROOKLYN     ,3
AESOP PARK,0.91,STATEN ISLAND,0
SLATTERY PLAYGROUND,0.91,BRONX        ,4
BAY TERRACE PLAYGROUND,0.91,QUEENS       ,0
WILLOUGHBY PLAYGROUND,0.91,BROOKLYN     ,0
ESTELLA DIGGS PARK,0.9,BRONX        ,0
WASHINGTON HALL PARK,0.9,BROOKLYN     ,4
HARLEM RBI,0.9,MANHATTAN    ,0
STARR PLAYGROUND,0.9,QUEENS       ,0
AMERICAN PLAYGROUND,0.9,BROOKLYN     ,3
HART PLAYGROUND ON BROADWAY,0.9,QUEENS       ,2
ARROCHAR PLAYGROUND,0.89,STATEN ISLAND,0
SOL LAIN PLGD,0.89,MANHATTAN    ,0
EL SHABAZZ PLAYGROUND,0.89,BROOKLYN     ,1
PINOCCHIO PLAYGROUND,0.89,QUEENS       ,1
ALICE KORNEGAY TRIANGLE,0.88,MANHATTAN    ,2
PETER'S FIELD,0.88,MANHATTAN    ,0
BEDFORD PLAYGROUND,0.88,BROOKLYN     ,2
HAROLD SCHNEIDERMAN PLAYGROUND,0.88,QUEENS       ,2
WAKEFIELD PLAYGROUND,0.88,BRONX        ,0
QUEENS VALLEY PLAYGROUND,0.88,QUEENS       ,0
LT. JOSEPH PETROSINO PARK,0.87,BROOKLYN     ,3
EVERGREEN PLAYGROUND,0.87,BROOKLYN     ,0
PLAYGROUND 286,0.87,BROOKLYN     ,1
BARRIER PLAYGROUND,0.87,QUEENS       ,0
LION'S PRIDE PLAYGROUND,0.87,BROOKLYN     ,0
NATHAN STRAUS PLAYGROUND,0.85,MANHATTAN    ,2
SCHENCK PLAYGROUND,0.85,BROOKLYN     ,4
HAVILAND PLAYGROUND,0.84,BRONX        ,2
SOL BLOOM PLAYGROUND,0.84,MANHATTAN    ,3
P.S. 155 PLAYGROUND,0.83,MANHATTAN    ,1
STEBBINS PLAYGROUND,0.83,BRONX        ,0
OPEN ROAD PARK,0.83,MANHATTAN    ,0
DI GILIO PLAYGROUND,0.83,BROOKLYN     ,1
HART PLAYGROUND ON 147 ST,0.82,QUEENS       ,1
FLYNN PLAYGROUND,0.82,BRONX        ,3
HIGHBRIDGE PARK BRONX SIDE,0.82,BRONX        ,3
PARKSIDE PLAYGROUND BRONX,0.82,BRONX        ,0
FISHER POOL,0.82,QUEENS       ,0
ALEXANDER HAMILTON PLAYGROUND,0.81,MANHATTAN    ,0
WEST FARMS RAPIDS,0.81,BRONX        ,0
BELLAIRE PLAYGROUND,0.81,QUEENS       ,4
STEINWAY PLAYGROUND,0.81,QUEENS       ,1
RISSE STREET PARK,0.81,BRONX        ,0
ETHAN ALLEN PLAYGROUND,0.8,BROOKLYN     ,2
KENNEDY KING PLAYGROUND,0.79,BROOKLYN     ,0
EUGENE MCCABE FIELD,0.79,MANHATTAN    ,1
VLADECK PARK,0.79,MANHATTAN    ,0
SAMUEL SEABURY PLAYGROUND,0.79,MANHATTAN    ,8
SPIRIT PLAYGROUND,0.79,QUEENS       ,1
MORGAN PLAYGROUND,0.78,BRONX        ,0
MOORE PLAYGROUND,0.77,MANHATTAN    ,2
FIRST PARK,0.76,MANHATTAN    ,1
SGT. WILLIAM DOUGHERTY PLAYGROUND,0.76,BROOKLYN     ,0
ADMIRAL PARK,0.76,QUEENS       ,1
JAIME CAMPIZ PLAYGROUND,0.75,BROOKLYN     ,3
SAMUEL N. BENNERSON 2ND PLAYGROUND,0.75,MANHATTAN    ,0
PLAYGROUND SEVENTY FIVE,0.75,QUEENS       ,1
WEBSTER PLAYGROUND,0.74,BRONX        ,4
FROST PLAYGROUND,0.74,BROOKLYN     ,0
TECUMSEH PLAYGROUND,0.74,MANHATTAN    ,0
RAILROAD PARK BRONX,0.73,BRONX        ,1
NATHAN WEIDENBAUM PARK,0.73,QUEENS       ,0
BLUEBERRY PARK,0.72,STATEN ISLAND,0
CLARK PLAYGROUND,0.72,BRONX        ,7
HUNTS POINT PLAYGROUND,0.72,BRONX        ,5
GUN HILL PLAYGROUND,0.72,BRONX        ,3
BLOOMINGDALE PLAYGROUND,0.72,MANHATTAN    ,1
GALILEO PLAYGROUND,0.71,BRONX        ,1
I-AM-PARK,0.71,BRONX        ,0
UNNAMED PARK ON 17TH STREET,0.71,BROOKLYN     ,0
LAFAYETTE GARDENS PLAYGROUND,0.71,BROOKLYN     ,0
LINWOOD PLAYGROUND,0.71,BROOKLYN     ,1
ORACLE PLAYGROUND,0.7,BROOKLYN     ,0
NEWTOWN PLAYGROUND,0.7,QUEENS       ,2
MOUNT HOPE PLAYGROUND,0.7,BRONX        ,9
GARRISON PLAYGROUND,0.7,BRONX        ,0
GERTRUDE EDERLE RECREATION CENTER,0.69,MANHATTAN    ,2
SLOPE PARK,0.69,BROOKLYN     ,1
FRED SAMUEL PLAYGROUND,0.69,MANHATTAN    ,2
AUBURNDALE PLAYGROUND,0.69,QUEENS       ,1
WHITE PLAYGROUND MANHATTAN,0.68,MANHATTAN    ,9
DAWSON PLAYGROUND,0.68,BRONX        ,4
MAPES POOL,0.68,BRONX        ,0
LILLIAN D WALD PLAYGROUND,0.68,MANHATTAN    ,0
RIVER AVENUE PARKS,0.67,BRONX        ,6
HOWARD POOL,0.67,BROOKLYN     ,0
ST. NICHOLAS PLAYGROUND SOUTH,0.67,MANHATTAN    ,0
CANAL PARK,0.67,MANHATTAN    ,0
RIVERBEND PLAYGROUND,0.66,BRONX        ,0
ST. NICHOLAS PLAYGROUND NORTH,0.66,MANHATTAN    ,3
THE PEARLY GATES,0.66,BRONX        ,2
COLLEGE POINT PARK,0.66,QUEENS       ,4
AUDUBON PLAYGROUND,0.66,MANHATTAN    ,0
COURTNEY CALLENDER PLAYGROUND,0.65,MANHATTAN    ,2
BRIZZI PLAYGROUND,0.65,BROOKLYN     ,0
AUGUSTUS ST. GAUDENS PLAYGROUND,0.64,MANHATTAN    ,1
VESUVIO PLAYGROUND,0.64,MANHATTAN    ,1
SQUIBB PARK,0.63,BROOKLYN     ,0
VETERANS GROVE,0.63,QUEENS       ,1
ELTON PLAYGROUND,0.62,BROOKLYN     ,1
TWENTY-FOUR SYCAMORES PARK,0.62,MANHATTAN    ,0
EAST RIVER ESPLANADE AT E 36TH ST AND FDR,0.62,MANHATTAN    ,1
CEDAR GROVE PLAYGROUND,0.62,QUEENS       ,0
CLEOPATRA PLAYGROUND,0.62,BRONX        ,0
BEACH 59TH ST PLAYGROUND,0.62,QUEENS       ,2
BRIDGE PLAYGROUND,0.61,BRONX        ,1
HALF-NELSON PLAYGROUND,0.61,BRONX        ,2
HENRY M. JACKSON PLAYGROUND,0.61,MANHATTAN    ,0
WILLIAM F. PASSANNANTE BALLFIELD,0.61,MANHATTAN    ,2
DR. RONALD E. MCNAIR PLAYGROUND,0.6,MANHATTAN    ,5
PENN SOUTH PLAYGROUND,0.6,MANHATTAN    ,2
O'NEILL TRIANGLE,0.59,BRONX        ,0
GEORGE WALKER JR. PARK,0.59,BROOKLYN     ,0
UNDERHILL PLAYGROUND,0.59,BROOKLYN     ,0
PETER DETMOLD PARK,0.59,MANHATTAN    ,1
COBBLE HILL PARK,0.59,BROOKLYN     ,0
WRIGHT BROTHERS PLAYGROUND,0.58,MANHATTAN    ,2
MERCER PLAYGROUND,0.58,MANHATTAN    ,0
SEAN'S PLACE,0.58,QUEENS       ,1
HARVARD PLAYGROUND,0.58,QUEENS       ,0
SARSFIELD PLAYGROUND,0.58,BROOKLYN     ,0
HELL'S KITCHEN PARK,0.58,MANHATTAN    ,2
BENNINGER PLAYGROUND,0.57,QUEENS       ,1
RORY STAUNTON FIELD,0.57,QUEENS       ,1
CARMANSVILLE PLAYGROUND,0.57,MANHATTAN    ,2
SIXTEEN SYCAMORES PLAYGROUND,0.57,BROOKLYN     ,2
GALAPO PLAYGROUND,0.57,BROOKLYN     ,0
MCKINLEY PLAYGROUND,0.56,MANHATTAN    ,0
ENNIS PLAYGROUND,0.55,BROOKLYN     ,0
GUTENBERG PLAYGROUND,0.55,MANHATTAN    ,0
BLAND PLAYGROUND,0.55,QUEENS       ,9
PFC NORTON PLAYGROUND,0.55,BROOKLYN     ,0
LITTLE CLAREMONT PARK,0.55,BRONX        ,0
JUNCTION PLAYGROUND,0.54,QUEENS       ,4
WOODRUFF PLAYGROUND,0.54,BROOKLYN     ,0
ABIGAIL PLAYGROUND,0.53,BRONX        ,0
DR. GERTRUDE B. KELLY PLAYGROUND,0.53,MANHATTAN    ,5
WALD PLAYGROUND,0.53,MANHATTAN    ,0
ANDREWS GROVE,0.52,QUEENS       ,0
LAFAYETTE PLAYGROUND ON LAFAYETTE AVENUE,0.52,BROOKLYN     ,0
ANIBAL AVILES PLAYGROUND,0.52,MANHATTAN    ,0
WASHINGTON PARK BRONX,0.52,BRONX        ,1
PAT WILLIAMS PLAYGROUND,0.51,QUEENS       ,0
GREENPOINT PLAYGROUND,0.5,BROOKLYN     ,0
PIERREPONT PLAYGROUND,0.5,BROOKLYN     ,1
EPIPHANY PLAYGROUND,0.5,BROOKLYN     ,3
JOHN ADAMS PLAYGROUND,0.49,QUEENS       ,1
LEVY PLAYGROUND,0.49,STATEN ISLAND,0
CLEMENT CLARKE MOORE PARK,0.49,MANHATTAN    ,0
CHARLTON GARDEN,0.49,BRONX        ,0
THOMAS J. CUITE PARK,0.49,BROOKLYN     ,0
CHERRY CLINTON PLAYGROUND,0.48,MANHATTAN    ,1
HILTON WHITE PLAYGROUND,0.48,BRONX        ,1
MILESTONE PARK,0.48,BROOKLYN     ,2
TURTLE PLAYGROUND,0.48,QUEENS       ,0
MATTHEWS - PALMER PLAYGROUND,0.48,MANHATTAN    ,0
FAIRMOUNT PLAYGROUND,0.47,BRONX        ,2
MOTHER CABRINI PARK,0.47,BROOKLYN     ,0
VIRGINIA PLAYGROUND,0.46,BRONX        ,4
RAINBOW PLAYGROUND,0.46,BROOKLYN     ,2
TEN EYCK PLAZA,0.46,BROOKLYN     ,1
TRIBOROUGH BRIDGE PLAYGROUND C,0.46,QUEENS       ,0
TRIBOROUGH BRIDGE PLAYGROUND D,0.46,QUEENS       ,0
TRIBOROUGH BRIDGE PLAYGROUND E,0.46,QUEENS       ,0
UNDERBRIDGE DOG RUN,0.46,QUEENS       ,0
WILLIAM MCCRAY PLAYGROUND,0.46,MANHATTAN    ,1
LOUIS ARMSTRONG COMMUNITY CENTER,0.45,QUEENS       ,0
ABC PLAYGROUND,0.45,MANHATTAN    ,0
MIDDLE VILLAGE PLAYGROUND,0.45,QUEENS       ,2
YAK PLAYGROUND,0.44,BROOKLYN     ,1
HAVEMEYER PLAYGROUND,0.44,BRONX        ,1
BUTTERFLY GARDENS,0.44,BROOKLYN     ,0
PLAYGROUND ONE,0.44,MANHATTAN    ,0
GARIBALDI PLAYGROUND,0.44,BROOKLYN     ,1
MORRIS GARDEN,0.44,BRONX        ,1
MCCAFFREY PLAYGROUND,0.44,MANHATTAN    ,0
ADMIRAL TRIANGLE,0.43,BROOKLYN     ,0
HORSESHOE PLAYGROUND,0.43,BRONX        ,3
HUNTS POINT RIVERSIDE PARK,0.43,BRONX        ,2
TOMPKINSVILLE PARK,0.42,STATEN ISLAND,0
WEST 4TH STREET COURTS,0.42,MANHATTAN    ,3
MOSHOLU PLAYGROUND,0.41,BRONX        ,5
LIOTTI IKEFUGI PLAYGROUND,0.41,STATEN ISLAND,0
JOSEPH C. SAUER PARK,0.4,MANHATTAN    ,0
PLAYGROUND EIGHTY NINE LXXXIX,0.4,MANHATTAN    ,0
VAN NEST PARK,0.4,BRONX        ,2
JOSEPHINE CAMINITI PLAYGROUND,0.4,QUEENS       ,2
RODNEY PARK SOUTH,0.39,BROOKLYN     ,0
IMAGINATION PLAYGROUND,0.39,MANHATTAN    ,1
CHELSEA RECREATION CENTER,0.39,MANHATTAN    ,7
HINES PARK,0.38,BRONX        ,0
GOBLE PLAYGROUND,0.38,BRONX        ,1
GRAND PLAYGROUND,0.38,BRONX        ,0
RODNEY PARK NORTH,0.37,BROOKLYN     ,0
ST. MARY'S PARK PLAYGROUND BROOKLYN,0.37,BROOKLYN     ,0
MARCY PARK SOUTH,0.36,BROOKLYN     ,0
BLEECKER PLAYGROUND,0.36,MANHATTAN    ,1
MCLAUGHLIN PLAYGROUND,0.36,QUEENS       ,1
HARLEM ART PARK,0.35,MANHATTAN    ,2
VINCENT F. ALBANO JR. PLAYGROUND,0.35,MANHATTAN    ,1
JEROME PLAYGROUND SOUTH,0.35,BRONX        ,0
ST. MARY'S PARK BROOKLYN,0.35,BROOKLYN     ,0
WALTON PARK,0.34,BRONX        ,1
REV LENA IRONS UNITY PARK,0.34,BRONX        ,0
SUTTON PLACE PARK,0.34,MANHATTAN    ,0
KINGSBRIDGE HEIGHTS COMMUNITY CENTER,0.33,BRONX        ,0
MACARTHUR PARK,0.33,MANHATTAN    ,0
SLEDGE PLAYGROUND,0.33,BROOKLYN     ,0
BERRY PLAYGROUND,0.33,BROOKLYN     ,0
FREEDOM SQUARE PLAYGROUND,0.33,QUEENS       ,0
LONG ISLAND MEWS,0.32,QUEENS       ,0
BLACK ROCK PLAYGROUND,0.32,BRONX        ,0
HOT SPOT TOT LOT,0.32,BROOKLYN     ,0
RODNEY PLAYGROUND SOUTH,0.32,BROOKLYN     ,0
BRIDGE AND TUNNEL PARK,0.32,QUEENS       ,0
STOP & GO PLAYGROUND,0.32,BRONX        ,0
MACLAUGHLIN PLAYGROUND,0.3,BRONX        ,0
HARRY CHAPIN PLAYGROUND,0.3,BROOKLYN     ,0
ANNADALE GREEN,0.3,STATEN ISLAND,0
WEEKSVILLE PLAYGROUND,0.3,BROOKLYN     ,2
DODGER PLAYGROUND,0.29,BROOKLYN     ,0
RODNEY PLAYGROUND NORTH,0.29,BROOKLYN     ,0
ELIZABETH STROUD PLAYGROUND,0.29,BROOKLYN     ,0
HANSBOROUGH RECREATION CENTER,0.29,MANHATTAN    ,0
A.R.R.O.W. FIELD HOUSE,0.29,QUEENS       ,0
JENNIE JEROME PLAYGROUND,0.29,BRONX        ,0
PLAYGROUND 115,0.29,QUEENS       ,0
MARINERS HARBOR PLAYGROUND,0.27,STATEN ISLAND,0
YOUTH VILLAGE,0.27,BRONX        ,0
BEANSTALK PLAYGROUND,0.27,BRONX        ,0
DESALVIO PLAYGROUND,0.27,MANHATTAN    ,0
DAN ROSS PLAYGROUND,0.26,BROOKLYN     ,0
DREAM STREET PARK,0.25,MANHATTAN    ,0
SIDNEY HILLMAN PLAYGROUND,0.25,MANHATTAN    ,0
SUNSHINE PLAYGROUND,0.24,MANHATTAN    ,0
RODNEY PARK CENTER,0.24,BROOKLYN     ,1
ST. GREGORY'S PLAYGROUND,0.23,MANHATTAN    ,0
SORRENTINO RECREATION CENTER,0.23,QUEENS       ,0
UMMA PARK,0.23,BROOKLYN     ,0
WILLIAM F MOORE PARK,0.23,QUEENS       ,1
OGDEN PLIMPTON PLAYGROUND,0.23,BRONX        ,0
MARY O'CONNOR PLAYGROUND,0.23,MANHATTAN    ,0
GENE GRAY PLAYGROUND,0.23,QUEENS       ,0
DOWNING STREET PLAYGROUND,0.22,MANHATTAN    ,2
PLAYGROUND THIRTY FIVE XXXV,0.22,QUEENS       ,0
ROLF HENRY PLAYGROUND,0.21,BROOKLYN     ,1
P.S. 125 PLAYGROUND,0.21,BROOKLYN     ,0
TONY DAPOLITO RECREATION CENTER,0.21,MANHATTAN    ,3
DAVIDSON PLAYGROUND,0.21,BRONX        ,0
ASTORIA HEALTH PLAYGROUND,0.21,QUEENS       ,0
CHIARANTANO PLAYGROUND,0.21,BROOKLYN     ,0
MINETTA PLAYGROUND,0.21,MANHATTAN    ,0
CORONA MAC PARK,0.21,QUEENS       ,0
THORPE FAMILY PLAYGROUND,0.2,BRONX        ,0
SUNNERS PLAYGROUND,0.2,BROOKLYN     ,0
TUDOR GROVE PLAYGROUND,0.19,MANHATTAN    ,1
RODNEY PLAYGROUND CENTER,0.19,BROOKLYN     ,0
SEABURY PARK,0.19,BRONX        ,1
EAE J MITCHELL PARK,0.18,BRONX        ,1
PENN TRIANGLE,0.18,BROOKLYN     ,0
METROPOLITAN RECREATION CENTER,0.18,BROOKLYN     ,0
RAMON APONTE PARK,0.17,MANHATTAN    ,0
FIELD OF DREAMS PARK,0.17,BRONX        ,0
BILL BOJANGLES ROBINSON PLAYGROUND,0.17,MANHATTAN    ,0
RECREATION CENTER 54,0.17,MANHATTAN    ,1
PEARL ST PLAYGROUND,0.16,MANHATTAN    ,0
LEWIS PLAYGROUND,0.16,BROOKLYN     ,0
NORTH PACIFIC PLAYGROUND,0.16,BROOKLYN     ,0
MORRIS MESA,0.15,BRONX        ,0
PEACE PARK,0.14,BRONX        ,0
DUKE PARK,0.14,BROOKLYN     ,0
SOBEL PLAYGROUND,0.14,BROOKLYN     ,0
CAPTAIN JACOB JOSEPH PLAYGROUND,0.14,MANHATTAN    ,1
GRAND CANAL COURT,0.13,MANHATTAN    ,0
LT. FEDERICO NARVAEZ TOT LOT,0.13,BROOKLYN     ,0
WEST 186TH STREET BASKETBALL COURT,0.12,MANHATTAN    ,0
SOPHIE IRENE LOEB,0.12,MANHATTAN    ,1
BARRETTO PARK,0.12,BRONX        ,0
ABYSSINIAN TOT LOT,0.12,MANHATTAN    ,0
ALEXANDER'S ALLEY,0.11,BRONX        ,0
EAST FLATBUSH CHILDREN'S PARK,0.11,BROOKLYN     ,0
CORONA HEALTH SANCTUARY,0.1,QUEENS       ,0
MOHEGAN TRIANGLE,0.1,BRONX        ,0
PLAYGROUND OF THE AMERICAS,0.08,MANHATTAN    ,0
PRIVATE WILLIAM GRAY PARK,0.07,QUEENS       ,0
ADRIENNE'S PLAYGROUND,0,MANHATTAN    ,0
